{
    "0-0-000011-0-0-0-0-0-0": {
        "0": 0.1,
        "1": 0.1,
        "2": 0.0,
        "3": 0.0,
        "4": 0.0,
        "5": 0.0,
        "6": 0.0
    },
    "0-0-000011-0-0-0-1-1-0": {
        "0": 0.0,
        "1": 0.0,
        "2": 0.1,
        "3": 0.0,
        "4": 0.0,
        "5": 0.0,
        "6": 0.0
    },
    "0-0-000011-0-0-0-1-2-0": {
        "0": 0.30000000000000004,
        "1": 0.0,
        "2": 0.0,
        "3": 0.0,
        "4": 0.1,
        "5": 0.0,
        "6": 0.0
    },
    "0-0-000011-0-0-0-1-2-5": {
        "0": 0.1,
        "1": 0.0,
        "2": 0.0,
        "3": 0.0,
        "4": 0.0,
        "5": 0.0,
        "6": 0.0
    },
    "0-0-000011-0-0-0-2-2-5": {
        "0": 0.1,
        "1": 0.0,
        "2": 0.0,
        "3": 0.0,
        "4": 0.0,
        "5": 0.0,
        "6": 0.0
    },
    "0-0-000011-0-0-2-0-0-2": {
        "0": 0.1,
        "1": 0.0,
        "2": 0.0,
        "3": 0.0,
        "4": 0.0,
        "5": 0.0,
        "6": 0.0
    },
    "0-0-000011-2-1-2-0-0-0": {
        "0": 0.1,
        "1": 0.0,
        "2": 0.0,
        "3": 0.0,
        "4": 0.0,
        "5": 0.0,
        "6": 0.0
    },
    "0-0-000011-2-1-2-2-2-4": {
        "0": 0.1,
        "1": 0.0,
        "2": 0.0,
        "3": 0.0,
        "4": 0.0,
        "5": 0.0,
        "6": 0.0
    },
    "0-0-001101-1-1-5-0-0-5": {
        "0": 0.1,
        "1": 0.0,
        "2": 0.0,
        "3": 0.0,
        "4": 0.0,
        "5": 0.0,
        "6": 0.0
    },
    "0-0-001101-1-1-6-0-0-0": {
        "0": 0.1,
        "1": 0.0,
        "2": 0.0,
        "3": 0.0,
        "4": 0.0,
        "5": 0.0,
        "6": 0.0
    },
    "0-0-001101-1-2-0-0-0-0": {
        "0": 0.1,
        "1": 0.0,
        "2": 0.0,
        "3": 0.0,
        "4": 0.0,
        "5": 0.0,
        "6": 0.0
    },
    "0-0-001101-1-2-3-0-0-0": {
        "0": -1.0,
        "1": 0.0,
        "2": 0.0,
        "3": 0.0,
        "4": 0.0,
        "5": 0.0,
        "6": 0.0
    },
    "0-0-001101-2-1-0-0-0-0": {
        "0": 0.9100000000000004,
        "1": 0.0,
        "2": 0.0,
        "3": 0.0,
        "4": 0.0,
        "5": 0.0,
        "6": 0.0
    },
    "0-0-001101-2-1-0-1-1-0": {
        "0": 0.4600000000000001,
        "1": 0.0,
        "2": 0.0,
        "3": 0.0,
        "4": 0.0,
        "5": 0.0,
        "6": 0.0
    },
    "0-0-001101-2-1-0-2-1-6": {
        "0": 0.1,
        "1": 0.0,
        "2": 0.0,
        "3": 0.0,
        "4": 0.0,
        "5": 0.0,
        "6": 0.0
    },
    "0-0-001101-2-1-6-0-0-0": {
        "0": 0.1,
        "1": 0.0,
        "2": 0.0,
        "3": 0.0,
        "4": 0.0,
        "5": 0.0,
        "6": 0.0
    },
    "0-0-001111-0-0-0-0-0-0": {
        "0": 0.1,
        "1": 0.0,
        "2": 0.0,
        "3": 0.0,
        "4": 0.0,
        "5": 0.0,
        "6": 0.0
    },
    "0-0-001111-0-0-0-2-1-0": {
        "0": 0.5500000000000002,
        "1": 0.0,
        "2": 0.0,
        "3": 0.0,
        "4": 0.0,
        "5": 0.0,
        "6": 0.0
    },
    "0-0-001111-0-0-2-0-0-1": {
        "0": 0.0,
        "1": 0.0,
        "2": 0.1,
        "3": 0.0,
        "4": 0.0,
        "5": 0.0,
        "6": 0.0
    },
    "0-0-001111-0-0-2-0-0-5": {
        "0": 0.1,
        "1": 0.0,
        "2": 0.0,
        "3": 0.0,
        "4": 0.0,
        "5": 0.0,
        "6": 0.0
    },
    "0-0-001111-0-0-2-0-0-6": {
        "0": 0.1,
        "1": 0.0,
        "2": 0.0,
        "3": 0.0,
        "4": 0.0,
        "5": 0.0,
        "6": 0.0
    },
    "0-0-001111-0-0-2-2-1-2": {
        "0": 0.1,
        "1": 0.0,
        "2": 0.0,
        "3": 0.0,
        "4": 0.0,
        "5": 0.0,
        "6": 0.0
    },
    "0-0-001111-0-0-2-2-1-5": {
        "0": 0.0,
        "1": 0.0,
        "2": 0.0,
        "3": 0.0,
        "4": 0.0,
        "5": 0.0,
        "6": 0.0
    },
    "0-0-001111-0-0-5-0-0-2": {
        "0": 0.0,
        "1": 0.0,
        "2": 0.0,
        "3": 0.0,
        "4": 0.0,
        "5": 0.0,
        "6": 0.0
    },
    "0-0-001111-0-0-5-0-0-4": {
        "0": 0.1,
        "1": 0.0,
        "2": 0.0,
        "3": 0.0,
        "4": 0.0,
        "5": 0.0,
        "6": 0.0
    },
    "0-0-001111-0-0-5-2-1-0": {
        "0": 0.0,
        "1": 0.1,
        "2": 0.0,
        "3": 0.0,
        "4": 0.0,
        "5": 0.0,
        "6": 0.0
    },
    "0-0-001111-0-0-6-1-1-0": {
        "0": 0.1,
        "1": 0.0,
        "2": 0.0,
        "3": 0.0,
        "4": 0.0,
        "5": 0.0,
        "6": 0.0
    },
    "0-0-010000-0-0-0-1-4-0": {
        "0": 0.19,
        "1": 0.0,
        "2": 0.0,
        "3": 0.0,
        "4": 0.0,
        "5": 0.0,
        "6": 0.0
    },
    "0-0-010000-1-5-1-1-4-0": {
        "0": 0.1,
        "1": 0.0,
        "2": 0.0,
        "3": 0.0,
        "4": 0.0,
        "5": 0.0,
        "6": 0.0
    },
    "0-0-010000-1-6-0-0-0-0": {
        "0": 0.5000000000000001,
        "1": 0.0,
        "2": 0.0,
        "3": 0.1,
        "4": 0.0,
        "5": 0.0,
        "6": 0.0
    },
    "0-0-010000-1-6-0-0-0-5": {
        "0": 0.19,
        "1": 0.0,
        "2": 0.0,
        "3": 0.0,
        "4": 0.0,
        "5": 0.0,
        "6": 0.0
    },
    "0-0-010000-1-6-1-2-4-5": {
        "0": 0.1,
        "1": 0.0,
        "2": 0.0,
        "3": 0.0,
        "4": 0.0,
        "5": 0.0,
        "6": 0.0
    },
    "0-0-010000-2-4-2-1-4-0": {
        "0": 0.1,
        "1": 0.0,
        "2": 0.0,
        "3": 0.0,
        "4": 0.0,
        "5": 0.0,
        "6": 0.0
    },
    "0-0-010010-0-0-0-0-0-0": {
        "0": 0.0,
        "1": 0.0,
        "2": 0.0,
        "3": 0.1,
        "4": 0.0,
        "5": 0.0,
        "6": 0.0
    },
    "0-0-011100-0-0-0-0-0-0": {
        "0": 0.0,
        "1": 0.0,
        "2": 0.0,
        "3": 0.0,
        "4": 0.0,
        "5": 0.0,
        "6": 0.0
    },
    "0-0-011100-0-0-0-1-1-0": {
        "0": 0.2,
        "1": 0.0,
        "2": 0.0,
        "3": 0.0,
        "4": 0.0,
        "5": 0.0,
        "6": 0.0
    },
    "0-0-011100-0-0-3-0-0-0": {
        "0": 0.0,
        "1": 0.0,
        "2": 0.0,
        "3": 0.0,
        "4": 0.0,
        "5": 0.0,
        "6": 0.11000000000000001
    },
    "0-0-011100-0-0-6-2-1-6": {
        "0": 0.0,
        "1": 0.0,
        "2": 0.0,
        "3": 0.0,
        "4": 0.0,
        "5": 0.0,
        "6": 0.0
    },
    "0-0-101000-0-0-0-2-2-0": {
        "0": 0.1,
        "1": 0.0,
        "2": 0.1,
        "3": 0.0,
        "4": 0.0,
        "5": 0.0,
        "6": 0.0
    },
    "0-0-101000-1-5-4-0-0-0": {
        "0": 0.0,
        "1": 0.0,
        "2": 0.1,
        "3": 0.0,
        "4": 0.0,
        "5": 0.0,
        "6": 0.0
    },
    "0-0-101000-1-6-0-0-0-0": {
        "0": 0.0,
        "1": 0.0,
        "2": 0.0,
        "3": 0.0,
        "4": 0.0,
        "5": 0.0,
        "6": 0.0
    },
    "0-0-101000-1-6-4-0-0-0": {
        "0": 0.1,
        "1": 0.0,
        "2": 0.0,
        "3": 0.0,
        "4": 0.0,
        "5": 0.0,
        "6": 0.0
    },
    "0-0-101000-2-2-0-1-6-0": {
        "0": 1.3000000000000007,
        "1": 0.0,
        "2": 0.0,
        "3": 0.0,
        "4": 0.0,
        "5": 0.0,
        "6": 0.0
    },
    "0-0-101000-2-6-5-0-0-5": {
        "0": 0.1,
        "1": 0.0,
        "2": 0.0,
        "3": 0.0,
        "4": 0.0,
        "5": 0.0,
        "6": 0.0
    },
    "0-0-111000-2-6-0-0-0-0": {
        "0": -1.29,
        "1": 0.0,
        "2": 0.0,
        "3": 0.0,
        "4": 0.0,
        "5": 0.0,
        "6": 0.0
    },
    "1-2-000011-0-0-0-1-2-0": {
        "0": 0.4000000000000001,
        "1": 0.0,
        "2": 0.0,
        "3": 0.1,
        "4": 0.0,
        "5": 0.0,
        "6": 0.0
    },
    "1-2-000011-0-0-3-1-2-0": {
        "0": 0.28,
        "1": 0.0,
        "2": 0.0,
        "3": 0.0,
        "4": 0.0,
        "5": 0.0,
        "6": 0.0
    },
    "1-2-001101-0-0-0-0-0-0": {
        "0": 0.9100000000000004,
        "1": 0.0,
        "2": 0.0,
        "3": 0.0,
        "4": 0.0,
        "5": 0.0,